Employee ID,First Name,Last Name,Date of Birth,City
1,Max,Smith,2002-02-03,Sydney
2,Karl,Summers,2004-04-10,Brisbane
3,Sam,Wilde,2005-02-06,Perth
4,Max1,Smith,2002-02-03,Sydney
5,Karl2,Summers,2004-04-10,Brisbane
6,Sam3,Wilde,2005-02-06,Perth
7,Max4,Smith,2002-02-03,Sydney
8,Karl5,Summers,2004-04-10,Brisbane
9,Sam6,Wilde,2005-02-06,Perth
10,Max4,Smith,2002-02-03,Sydney
11,Karlf,Summers,2004-04-10,Brisbane
12,Samfdvf,Wilde,2005-02-06,Perth
13,Mavfvx,Smith,2002-02-03,Sydney
14,Karlgv,Summers,2004-04-10,Brisbane
15,Samrf,Wilde,2005-02-06,Perth
16,Maxvsv,Smith,2002-02-03,Sydney
17,Karldvd,Summers,2004-04-10,Brisbane
18,Samerfcf,Wilde,2005-02-06,Perth
19,Maxec,Smith,2002-02-03,Sydney
20,Karlsgv,Summers,2004-04-10,Brisbane
21,Samvsg,Wilde,2005-02-06,Perth
22,Maxvw,Smith,2002-02-03,Sydney
23,Karlgvr,Summers,2004-04-10,Brisbane
24,Samwvs,Wilde,2005-02-06,Perth
25,Maxwgv,Smith,2002-02-03,Sydney
26,Karlqevf,Summers,2004-04-10,Brisbane
27,Samqgesv,Wilde,2005-02-06,Perth
28,Maxwegef,Smith,2002-02-03,Sydney
29,Karlteve,Summers,2004-04-10,Brisbane
30,Samfwere,Wilde,2005-02-06,Perth